{
  "project_info": {
    "project_number": "877596658470",
    "project_id": "childemusica-ber1",
    "storage_bucket": "childemusica-ber1.firebasestorage.app"
  },
  "client": [
    {
      "client_info": {
        "mobilesdk_app_id": "1:877596658470:android:32bfc91a62aa22b56b0fe7",
        "android_client_info": {
          "package_name": "com.example.soc_macmini_15.musicplayer.Activity"
        }
      },
      "oauth_client": [
        {
          "client_id": "877596658470-jo9asgee4gjqsm4337emunhagmng79i6.apps.googleusercontent.com",
          "client_type": 3
        }
      ],
      "api_key": [
        {
          "current_key": "AIzaSyBA_2NpcH3tP8aHcnUsubJkAzOSFG-2DaE"
        }
      ],
      "services": {
        "appinvite_service": {
          "other_platform_oauth_client": [
            {
              "client_id": "877596658470-jo9asgee4gjqsm4337emunhagmng79i6.apps.googleusercontent.com",
              "client_type": 3
            }
          ]
        }
      }
    }
  ],
  "configuration_version": "1"
}